{
  "blendshape_baseline": {
    "_neutral": 1.748003910506668e-06,
    "browDownLeft": 0.382820725440979,
    "browDownRight": 0.44834014773368835,
    "browInnerUp": 0.0007273049559444189,
    "browOuterUpLeft": 0.0023657558485865593,
    "browOuterUpRight": 0.0015201278729364276,
    "cheekPuff": 8.73302633408457e-06,
    "cheekSquintLeft": 4.14123313419168e-08,
    "cheekSquintRight": 1.0704969355401772e-07,
    "eyeBlinkLeft": 0.1611834019422531,
    "eyeBlinkRight": 0.11744639277458191,
    "eyeLookDownLeft": 0.07556132972240448,
    "eyeLookDownRight": 0.08658482879400253,
    "eyeLookInLeft": 0.021971259266138077,
    "eyeLookInRight": 0.13214002549648285,
    "eyeLookOutLeft": 0.16428305208683014,
    "eyeLookOutRight": 0.0397130586206913,
    "eyeLookUpLeft": 0.11315838247537613,
    "eyeLookUpRight": 0.11396551877260208,
    "eyeSquintLeft": 0.3960595428943634,
    "eyeSquintRight": 0.38244256377220154,
    "eyeWideLeft": 0.003504896769300103,
    "eyeWideRight": 0.003543168306350708,
    "jawForward": 1.2330987374298275e-05,
    "jawLeft": 0.0023116657976061106,
    "jawOpen": 0.015620154328644276,
    "jawRight": 5.749403135268949e-05,
    "mouthClose": 0.00841612834483385,
    "mouthDimpleLeft": 0.046040698885917664,
    "mouthDimpleRight": 0.056847114115953445,
    "mouthFrownLeft": 1.683103505456529e-06,
    "mouthFrownRight": 2.375137682975037e-06,
    "mouthFunnel": 0.0005817170022055507,
    "mouthLeft": 0.009028897620737553,
    "mouthLowerDownLeft": 3.514620766509324e-05,
    "mouthLowerDownRight": 1.335947399638826e-05,
    "mouthPressLeft": 0.07671273499727249,
    "mouthPressRight": 0.11311489343643188,
    "mouthPucker": 0.020107680931687355,
    "mouthRight": 0.0012608435936272144,
    "mouthRollLower": 0.03667052835226059,
    "mouthRollUpper": 0.13252709805965424,
    "mouthShrugLower": 0.08925611525774002,
    "mouthShrugUpper": 0.011634629219770432,
    "mouthSmileLeft": 0.0004986513522453606,
    "mouthSmileRight": 0.0006048707873560488,
    "mouthStretchLeft": 8.34629317978397e-05,
    "mouthStretchRight": 0.00014714861754328012,
    "mouthUpperUpLeft": 3.1084331567399204e-05,
    "mouthUpperUpRight": 4.967207132722251e-05,
    "noseSneerLeft": 1.2579840813486953e-07,
    "noseSneerRight": 1.2026157492073253e-07
  }
}